Date	Speakers	Title	Description	YouTube ID	Non-YouTube landing page	Slides landing page	Transcript	Slides download URL	Talk download URL	Start time	End time	Conference landing page	Default image	GitHub username	Training material	Installation	Type	Target audience	Language
2026-03-03	Ceilyn Boyd and Philipp Conzett	Birdaro Training & Developing the Dataverse Community and Decision-Makers Playbooks	Ceylin Boyd (IQSS, Harvard) and Philipp Conzett (UiT) share how the Dataverse Project and the Global Dataverse Community Consortium (GDCC) are leveraging insights from the Birdaro training program to strengthen community governance, engagement, and long‑term sustainability. Their presentation highlights key lessons learned, including the need for clearer structures, improved documentation, and targeted resources. They will introduce two emerging playbooks – one for community participants and one for decision‑makers – that centralize essential information, support onboarding, and enhance strategic decision‑making across the global Dataverse ecosystem.		https://harvard.zoom.us/rec/share/NWD0KJeFzrbyCFpCraZjweoqEd7RZXZkLQxevanPCVllDVZjCM0cUe_bEuLK5o05.JukmV2MquqY9pVBn	https://docs.google.com/presentation/d/1wMon7urHUccESB34v7mMNeDaNneSdLKlT4NMdqV4nXM/edit?usp=sharing													
2026-02-22	Pablo Valério Polônia	Open Journal Systems (OJS) integration with Dataverse	Demo of OJS 3+ integration with Dataverse		https://app.heygen.com/videos/dataverse-plugin-introduction-and-tutorial-3cede08c38bf4065a4f769c1e35ae71d-en														
2026-02-10	Ceilyn Boyd, Sonia Barbosa, Philipp Conzett	Dataverse: an Open-Source Platform for Research Data	In this Data Umbrella webinar, speakers from the Dataverse Project and the Global Dataverse Community Consortium (GDCC) will introduce Dataverse, a widely used, open source research data repository platform that supports the FAIR Guiding Principles. Dataverse enables researchers and institutions around the world to publish, preserve, cite, and reuse research data across disciplines.	AUboDTH_qSo		https://dataverse.org/publication/dataverse-project-and-global-dataverse-community-consortium-fair-open-source-platform													
2026-02-03	Amber Leahey, Paul Boon	Geospatial features in Dataverse: adding more fields, an ISO-19115 exporter, using GeoNames	Amber gave a talk entitled "Expanding the geospatial metadata block in Dataverse based on ISO 19115" and Paul gave a demo of using GeoNames with an external vocabulary script.		https://harvard.zoom.us/rec/share/Wmt7i4gAkpu0HVVKcK62PdkRk-Iz1sYr2yD1cmqFyctfRMx9JFBJ9DP1nE_aqR7b.7TXN8HznrFAFc68y?startTime=1770131031000	https://docs.google.com/presentation/d/1rDHA_8ggxEeEWXunSCPHkZknEEGr-bjE4sd9xU5R7kY/edit?usp=sharing								amberleahey					
2026-01-28	Traci Snowden, Matt Carson	Simplifying Repository Selection with GREI's Flowchart and Comparison Chart	This webinar introduced two complementary tools designed to make selecting a data repository easier: the Generalist Repository Selection Flowchart (https://doi.org/10.5281/zenodo.11105429) and the Generalist Repository Comparison Chart (https://doi.org/10.5281/zenodo.3946719). 	jmhO9F0P-ts		https://doi.org/10.5281/zenodo.18407472													
2026-01-21	Philip Durbin	Intro to Zulip	An introduction to Zulip, presented to the Center for Scientific Collaboration and Community Engagement (CSCCE) community, including discussion of how Dataverse uses Zulip.	HZr7TSLlQy8		https://docs.google.com/presentation/d/1Ur09MsRHOIGMvR4ub9bbPW0kiVOILxEwRzLscY5nKjs/edit?usp=sharing													
2026-01-06	Jan Range, Sjaak Derksen	pyDataverse updates and a DCAT exporter	During a community call Jan Range demo'ed the upcoming 0.4.0 release of pyDataverse using a Jupyter notebook. Sjaak Derksen explained the DCAT exporter he created.		https://harvard.zoom.us/rec/share/yPxD6rBSdwcBOs1jcwhuFqWoi8T-G3QLpAdN4naxECmeqIv3uFuiK-67Fje_lVOA.Be90OIVr0U51kjiC	https://docs.google.com/presentation/d/1wLlUZrzRtraQFHYdNN1TY2koKa3BAV5n/edit?usp=sharing&ouid=117275479921759507378&rtpof=true&sd=true													
2025-11-02	Eryk Kulikowski	DDI-CDI previewer/editor and exporter demo	Demo of a DDI-CDI previewer/editor and exporter (both created by Eryk). Skip to 29:00 in the recording.		https://harvard.zoom.us/rec/share/P4-RNQEb6NPgz0KmQy95uFxvT0M15Oq1GBoT6DqvVqAap838GHv3lt2U3UPJdE9-.fJtlFdpsgE84oh98									erykkul					
2025-11-02	Lautaro Matas	Decentralized Archival Resource Key (dARK)	A decentralized blockchain-based Persistent ID (PID) service as a public good.		https://harvard.zoom.us/rec/share/P4-RNQEb6NPgz0KmQy95uFxvT0M15Oq1GBoT6DqvVqAap838GHv3lt2U3UPJdE9-.fJtlFdpsgE84oh98	https://docs.google.com/presentation/d/1Msqfd7sG8EDkFvmFli-V0eFTr6aLKBmm/edit?usp=sharing&ouid=117275479921759507378&rtpof=true&sd=true								lmatas					
2025-11-04	Balázs Pataki	VibeARP: An experimental AI agent for the Adatrepozitórium Platform (ARP)	Creating and editing datasets with an AI agent.		https://harvard.zoom.us/rec/share/rxeTHJ3ieQsAh5slVhe-RUFpi9hXNYa3fiTGE_Ursf-xXuXA-Pm4sbth9kjfRQ4D.SLcgbSpV1fW4Ht-G	https://docs.google.com/presentation/d/1TNTHhS4hGkfalqpZGOI8iYkqzKJJN6JS/edit?usp=sharing&ouid=117275479921759507378&rtpof=true&sd=true								beepsoft					
2025-10-31	Texas Data Repository	How to Upload Folders	In Part 10 of the Texas Data Repository Training Video Series, we cover how to upload folders in the Texas Data Repository https://dataverse.tdl.org/.	ThltyvRmqdI															
2025-10-31	Texas Data Repository	How to Create a Thumbnail	In Part 9 of the Texas Data Repository Training Video Series, we cover how to create a thumbnail in the Texas Data Repository https://dataverse.tdl.org/.	aDwuUys2_vc															
2025-10-31	Texas Data Repository	How to Update Metadata	In Part 8 of the Texas Data Repository Training Video Series, we cover how to update metadata in the Texas Data Repository https://dataverse.tdl.org/ .	jnXQpDjo3kw															
2025-10-24	Slava Tykhonov	Introduction to Croissant	A talk by Slava Tykhonov, CODATA, for the EOSC Opportunity Area (OA) Group 2: Metadata, Ontologies and Interoperability.	jXD88A7I-jg		https://docs.google.com/presentation/d/1lnbJaClstDrzG24Szk2kQwbygxEj-vXz9uyZZ9EX0NU/edit?usp=sharing													
2025-10-17	Slava Tykhonov	Semantic Croissant and CDIF for Responsible AI	Slava Tykhonov's talk for the "CODATA Convened Session: AI for Science" during the International Data Week 2025 in Brisbane, Australia.		https://www.linkedin.com/posts/vyacheslavtikhonov_idw2025-ai-fair-activity-7384478457168072704-7zoY	https://docs.google.com/presentation/d/1dRRDJTYwFg6tSre0sjlSPydmxjNoVCD9BqB5fMrgvYg/								4tikhonov					
2025-10-15	Aday Bujeda	Open OnDemand and Dataverse integration: OnDemand Loop demo	A demonstration of OnDemand Loop, a new open source application that integrates Open OnDemand and Dataverse, allowing researchers to compute on data and then upload results to Dataverse or to download data from Dataverse into their computation environment.		https://hu-my.sharepoint.com/:v:/g/personal/cboyd_iq_harvard_edu/EQstOjPovLNLhDGZ8wCU3r8BSLgZ-orpQ7cVaSxeIwc-iA?nav=eyJyZWZlcnJhbEluZm8iOnsicmVmZXJyYWxBcHAiOiJPbmVEcml2ZUZvckJ1c2luZXNzIiwicmVmZXJyYWxBcHBQbGF0Zm9ybSI6IldlYiIsInJlZmVycmFsTW9kZSI6InZpZXciLCJyZWZlcnJhbFZpZXciOiJNeUZpbGVzTGlua0NvcHkifX0&e=wTrGf1									abujeda					
2025-10-07	Pablo Valério Polônia	Open Journal Systems (OJS) integration with Dataverse	Demo of OJS 3+ integration with Dataverse		https://harvard.zoom.us/rec/share/mOEevbX94wuD73LylyU815IF0j4Cdw655_0OOdIhXBFDQd2UvDoW1s4qrBukWpF_.Kb2VBUW48DhF26Z1	https://lepidus.com.br/plugins/apresentacoes/DataverseIntegrationPlugin-DataverseCommunityTalk.pdf								pablovp86					
2025-09-24	Texas Data Repository	Using DVUploader for Bulk File Uploads	How to use DVUploader for bulk file uploads to Dataverse	7qINkx38mNg															
2025-09-02	Bikramjit Channa	Fighting AI Bots at Borealis	During the Dataverse community call, Bikramjit Channa talked about AI bot traffic at Borealis and other platforms and how he and his colleagues are dealing with it		https://harvard.zoom.us/rec/share/WWBZ-_UtWm8gbmZf6l2FFnmh9qqYT53UDlEt8qxXdgH8XoDhd9XsRdFcSQIwFkQ7.iWL9iur3fjm2aEef	https://docs.google.com/presentation/d/13UCVcQRhVZCEANwFWyl0afA3RyJfgx7pa7yHEhvmkSI								bikramj					
2025-09-02	Yijia (Jenna) Qi	Data Retention and Deletion Practices in Dataverse	During the Dataverse community call, Yijia (Jenna) Qi talked about her research about data deletion and retention practices		https://harvard.zoom.us/rec/share/WWBZ-_UtWm8gbmZf6l2FFnmh9qqYT53UDlEt8qxXdgH8XoDhd9XsRdFcSQIwFkQ7.iWL9iur3fjm2aEef	https://dataverse.org/file/dataverseretentionslidespdf		https://dataverse.org/sites/projects.iq.harvard.edu/files/dataverseorg/files/dataverse_retention_slides.pdf											
2025-08-07	Aday Bujeda	Open OnDemand and Dataverse integration: OnDemand Loop demo	Fast forward to 24:20 in the video to see a demonstration of OnDemand Loop, a new open source application that integrates Open OnDemand and Dataverse. This presentation was given at the monthly "tips and tricks" call hosted by the Open OnDemand project.		https://drive.google.com/file/d/1ItFEz7TiwjFuWBLGjXfOBWpehGN6-8Fu/view?usp=drive_link	https://groups.google.com/g/dataverse-community/c/_vX899PJDY4/m/oj7wtIoOBgAJ								abujeda					
2025-08-05	Santi Thompson	Data retention strategies	 A discussion of data retention strategies used at the Texas Data Repository (TDR) and beyond.		https://harvard.zoom.us/rec/share/V0Ea0iG52ZBh2KS_fd81KRGuW1ti5xSXkRBML0wDvpNfw6MunLqTJWf9F5GhvDHd.rm5hNOMbg9w0CM5j														
2025-07-01	Rok Roškar	Renku integration with Dataverse	Reusing published data through the Renku platform		https://harvard.zoom.us/rec/share/-_7pdf53H3vqRmJNdlvD8VhVM1pHWAG3EjmgXqFtw3JK8wHRKckgp2-A3gaYpkFT.2EJDbq8mUuV_db-2	https://groups.google.com/g/dataverse-community/c/2RZWXsKggSE/m/qBFGZqrKAwAJ								rokroskar					
2025-06-13	BSC	Announcing the 2026 Dataverse Community Meeting			https://drive.google.com/file/d/1cQKhg2CDf1x3I_uoqFrX9I04e-t7XEPL/view?usp=sharing														
2025-06-13	Michelle Itano	DCM2025 Keynote 3: The Imaging Data Use Case with Michelle Itano	Multidimensional challenges, An engaged open-source global community, and opportunities for impact.	nbWTWQIev_s		https://osf.io/j4r2e/files/7k295													
2025-06-12	Nada Chaya	DCM2025 Keynote 2: Arab Public Data Initiative with Nada Chaya	Aims to promote the norm and practices of social science research data preservation and sharing among social scientists and humanists and research institutions in the Arab region.	DcOe16ZdnO4		https://osf.io/j4r2e/files/esw8d													
2025-06-12	Multiple speakers	DCM2025 Keynote Panel: Building Together : A Community-Built Data Ecosystem		IVPsEtCPHUU															
2025-06-11	Dataverse Community	DCM2025 Community Update Video	Yearly update from the Dataverse community.	6PPlnFGY_mY															
2025-06-02	Rob Day	DMPTool - RSpace ELN - Dataverse Integration	In this video Rob Day shows how RSpace users can ingest a Data Management Plan (DMP) from DMPTool into their RSpace Gallery so that it can be associated with work performed at the bench (or wherever you perform your research). The finished research records and associated data can then be sent to Dataverse along with metadata that can include Tags / Keywords from industry standard vocabulary sources, as well as the user's ORCID DOI and more. Dataverse generates a Digital Identifier (DOI) for the deposit and RSpace then automatically copies the DOI link and passes it to the original Data Management Plan, adding it to the "Research Outputs" section.	SfEjvWogx5g															
2025-05-29	Balázs Pataki	Dataverse, CEDAR and RO-Crate: The building blocks of ARP	In this demo, Balázs Pataki from HUN-REN SZTAKI, DSD presents a comprehensive overview of the HUN-REN ARP research data repository in Hungary and demonstrates how researchers can enhance dataset metadata using modern tools. You'll learn how ARP extends (forks) Dataverse with advanced metadata authoring capabilities via: CEDAR: for easy, drag-and-drop schema editing and creation; AROMA: a visual RO-Crate editor for detailed, structured file-level metadata; ARP Schema Registry: to manage and customize metadata blocks and templates; ARP Federated Search: a powerful search engine built on a knowledge graph to discover datasets using both Dataverse and RO-Crate metadata	o_ENdITtIQg															
2025-05-06	Brendan Leonard, Robert Christie	Integrated Data Downloads Using Dataverse for the Atlas of Economic Complexity	An example of a custom webpage that presents data stored in Dataverse.		https://harvard.zoom.us/rec/share/ahTcAe94mh7pT0b0u8Hactp2t5AXkD2ei6koYYNn3LItpSVdprKr3lXefHC7sy12.8KbCPfftaLJivonM	https://docs.google.com/presentation/d/14kblFuwooijKNwMajJwGbFSZ3jMM7yrd0qMt3xH09hM/edit?usp=sharing													
2025-04-15	Julian Gautier	Introduction to Metadata in Dataverse Repositories: For Installation Administrators	Learn about how Dataverse helps Dataverse installation administrators customize the dataset metadata form in order to improve how data and code are described, found and used. This webinar will cover how to edit and create metadata blocks, how Dataverse exports metadata, and more.	GgPI9X6Q7sI		https://dataverse.org/presentations/introduction-metadata-dataverse-repositories-installation-administrators		https://dataverse.org/sites/projects.iq.harvard.edu/files/introduction_to_metadata_in_dataverse_repositories_for_installation_administrators.pdf						jggautier	1	dataverse.harvard.edu	tutorial	Curators	
2025-04-08	Slava Tykhonov	Dataverse and Croissant: Metadata for AI and Machine Learning Systems		AUSjdYhjHww		https://docs.google.com/presentation/d/104ZlLGRPhpEWN1KjDamatXY42r1ph7Z3AePZfJ6LKsc/edit?usp=sharing				6472									
2025-04-01	Charity Everett	Dataverse XR-Spatial	Exploring immersive data visualization		https://harvard.zoom.us/rec/share/nQH7ogX65_q0u2KpeGBhMCjb7-Mqs9xKf-n521OrFgaSyQPANkX1nzMdzzqL38Vi.qTvOKbAVxe75TsEw	https://www.canva.com/design/DAGjCyXosTI/AmB34qCXlqyxqNJ3vVafAQ/view?utm_content=DAGjCyXosTI&utm_campaign=designshare&utm_medium=link2&utm_source=uniquelinks&utlId=h3fa5ce6a8f								CharityEverett					
2025-03-26	Sonia Barbosa, Leonid Andreev	Large Data Support in Harvard Dataverse	This webinar will highlight our services, which are designed to meet the diverse needs of researchers, institutions, and groups handling large datasets.	IptLotFsjpU		https://dataverse.org/presentations/large-data-support-harvard-dataverse								landreev	1	dataverse.harvard.edu	tutorial	End users	
2025-03-13	Sonia Barbosa, Gustavo Durand	Using Permissions in Dataverse	Learn how to manage permissions in a Dataverse repository to manage deposit workflows and access to your data. This webinar will provide an overview of the permissions framework, helping you understand roles, access levels, and how to customize permission at the collection, dataset, and file levels.	mx6zuOt-C2A		https://dataverse.org/presentations/permissions-dataverse-supported-repository									1	dataverse.harvard.edu	tutorial	End users	
2025-03-04	Paul Boon	During the Dataverse community call, Bikramjit Channa spoke about AI bot traffic at Borealis and other platforms and how he and his colleagues are dealing with it	During the community call, Paul demoed a map he's been working on. We also talking about the upcoming community meeting and Dataverse release (6.6).		https://harvard.zoom.us/rec/share/Ir5CkFHkzoya9b5Nk69rLFUpTyGics3-KGLl9WITSLMy4ezHRsB8CnY22cUNg2g.JPpxrjzHMeCii_zO									PaulBoon					
2025-02-04	Slava Tykhonov	Ask Dataverse and Large Language Models in the RAG framework			https://harvard.zoom.us/rec/share/bOizatNdMdxINRCnqpt87fPITPvsDWTv3ysvA8kIaEE4wnmZPSeSUkdmpKYP1ooA.rKoNMqED_L8KtHOi	https://docs.google.com/presentation/d/1HFN-wAe4eUGwJAhYCLbNcNHAsi-Hy8jQ/edit?usp=sharing&ouid=117275479921759507378&rtpof=true&sd=true								4tikhonov					
2025-01-15	Sonia Barbosa, Katie Mika	Intro to Using the Harvard Dataverse & FAIR, and the NIH DMP Harvard Dataverse Guidance Document	Learn about the Harvard Dataverse Repository for data sharing and preservation.	iZHrHokIhLE		https://dataverse.org/presentations/introduction-using-harvard-dataverse-repository-fair-and-nih-dmp-harvard									1	dataverse.harvard.edu	tutorial	End users	
2025-01-07	Eric Olson	Specialized Metadata in Generalist Repositories: OSF+CEDAR Integration	CEDAR has been integrated into OSF and forked to work with Dataverse.		https://harvard.zoom.us/rec/share/FqJGt8MFrKeXm3gMc6sd-wY461DitZzj66wbulPJ0EtSAzTktqIEz_Gcf2R0B_NY.OP5Lfmw5_I5CumZX	https://doi.org/10.17605/OSF.IO/TQUYV													
2024-12-03	Ozgur Karadeniz	Demo of KU Leuven’s review dashboard	KU Leuven has built an open-source tool to track, simplify, and semi-automate dataset review and curation process: <a href="https://github.com/libis/rdm-review-dashboard">https://github.com/libis/rdm-review-dashboard</a>		https://harvard.zoom.us/rec/share/Q3RN_aFiu91v3Ee9NCXSoWO8-KQU75rF7gF-TMxT35uv_BiOy3HTmkw7Eay-UwWp.eyChCuOik2JtVnMp	https://groups.google.com/g/dataverse-community/c/77JhdV21usw/m/U-C6qzpZAAAJ								okaradeniz					
2024-11-05	Arofan Gregory	DDI-CDI Basics/The CDIF Framework	DDI-CDI and CDIF		https://harvard.zoom.us/rec/share/0wlY3CoPMNHSxgEtIbbFer3J5RRjV4gvLLTlI9-LqFQ6acOpoAxh9zzA-OgkxXlV.wIYIy3W0t8HAp5v6	https://groups.google.com/g/dataverse-community/c/ND3GOziRONU/m/0oYA0iM0BQAJ													
2024-10-17	Jan Range	Resumable downloads with dvcli	This demonstration showcases the new DVCLI feature that enables resumable downloads. By utilizing the Range header, downloads can be paused and resumed at any point, making it particularly beneficial when dealing with large files and experiencing technical interruptions that cause the download to stop. This feature will be available in an upcoming release of DVCLI.		https://drive.google.com/file/d/1toNejVgxCOwgxOZ172sPhUdpASpqOeQ7/view?usp=share_link									JR-1991					
2024-10-01	Ozgur Karadeniz, Dieuwertje Bloemen	Creating a Dataverse RO-Crate exporter with FAIR-IMPACT support	Dataverse Community Meeting 2024 (October 1, 2024)		https://harvard.zoom.us/rec/share/-mvv4qb-aQ2u9cnD8CoN6rd4HQeuzBcRtiJnAyrAwcIFuDzT8PK8XpkUDIx2g3yl.A1TU9w85V0iYmxEM	https://drive.google.com/file/d/1Rs3GX38Pd6AYkmLQVNdisJjiNY09tAdE/view?usp=drive_link													
2024-09-20	Documentation Working Group Kickoff	Kickoff of the Documentation Working Group	This is the first meeting of the <a href="https://www.gdcc.io/working-groups/documentation.html">Documentation Working Group</a>. <a href=https://docs.google.com/document/d/1wUpmkOfQICuPQPbITqJ2oZSD2cSJBdHioEsaLck6_Es/edit?usp=sharing">Agenda/notes</a>. All are welcome!		https://harvard.zoom.us/rec/share/UBmb9Mzd_grPPsbX7jik54BGRMOHoskcVUab434u6FJOiyPE-fPN-AQjcWQmhSQ2.KAUPfDyco5S2aPzM														
2024-09-13	Guillermo Portas	Demo 3 of the new Dataverse frontend	This demo covers the collection page, configuring facets, creating a dataset, and uploading files.		https://drive.google.com/file/d/1JCMEMNWEzdpA_URbuEBPGn-nJZk4J-rl/view?usp=drive_link									GPortas					
2024-09-03	Alvin Stockdale, Peter Seibert, Amber Leahy, Nana Boateng	NLM’s Dataset Catalog and an updated to Data Explorer	The US NIH National Library of Medicine released a beta version of their Dataset Catalog. Also, Borealis released a new version of Data Explorer.		https://harvard.zoom.us/rec/share/WvyFTGmh5Rq0n0rnmCFTSRngs8tANaSPvA0VCPxzkVmh5Qg9-FrdfLCE6uQKOptS.ghIzSLcEZIN9EXfm	https://groups.google.com/g/dataverse-community/c/wwyvKXGCKRE/m/ErykmU-aAQAJ													
2024-08-06	Jan Range	A Rust library, a CLI and a DVUploader desktop app	Jan has developed a new Rust library for Dataverse that includes a "dvcli" command line interface. A graphical DVUploader was demoed as well.		https://harvard.zoom.us/rec/share/3P2MSg1YAKDpM7GZX7Ya2eCjSqenJTFofciBTmOwhcL-xKUlKWDXGZkpfk4DZnm5.FdHMoVwCUKGhAbjk	https://www.dropbox.com/scl/fi/zrj214bs42bbttmftme80/Rust_Dataverse_Range_2024.pdf?rlkey=t8awg4vtg2i3nrwgzvv1bas7v&st=7f8v0eip&dl=0								JR-1991					
2024-06-28	Dieuwertje Bloemen, Ozgur Karadeniz	KU Leuven Review Dashboard	Tracks dataset reviews and semi-automates feedback generation.		https://kuleuven.mediaspace.kaltura.com/media/KU+Leuven+Review+DashboardA+screen+recording/1_fuuts6ic														
2024-05-28	Slava Tykhonov	Dataverse, Large Language Models and knowledge graphs			https://drive.google.com/file/d/1ir5ANHBZmFqtKYTLptabRlzu_oiA9sZD/view?usp=sharing	https://docs.google.com/presentation/d/1wLtGx1NtQX8PP3IfDHzFVSq3VOaLE3gMaVPVFewlceU/edit?usp=sharing								4tikhonov					
2024-05-03	Ceilyn Boyd	Transforming a Digital Collection into a Data Collection	A discussion of the Slavery, Abolition, Emancipation, and Freedom (SAEF) Data Collection, an open access research dataset representing over 1200 items in Houghton Library’s SAEF collection. The SAEF Data Collection is Harvard Library’s first major endeavor to represent a significant print collection as data, supporting research methodologies involving computational analysis of images, Optical Character Recognition (OCR) text, and machine-generated transcriptions of manuscript materials. 		https://hu-my.sharepoint.com/:v:/g/personal/alessandra_seiter_hks_harvard_edu/EfyiIGjMw8xGmSLHSdcPnjYBklqHIUXD6HgnpxZld4V9VQ?nav=eyJyZWZlcnJhbEluZm8iOnsicmVmZXJyYWxBcHAiOiJPbmVEcml2ZUZvckJ1c2luZXNzIiwicmVmZXJyYWxBcHBQbGF0Zm9ybSI6IldlYiIsInJlZmVycmFsTW9kZSI6InZpZXciLCJyZWZlcnJhbFZpZXciOiJNeUZpbGVzTGlua0NvcHkifX0&e=qf34GF	https://docs.google.com/presentation/d/1Pc5jwZD2_kzz01SQeaZhYLPc7x_ltyOKRkUfEbkZQi4/edit?usp=sharing								cmbz					
2024-04-11	The Dataverse Community	Dataverse Community Meeting Tenth Anniversary Retrospective Slideshow	A slideshow celebrating ten years of Dataverse Community Meetings.	dQSEJStNzeA															
2024-04-05	Philip Durbin, Oliver Bertuch, Jan Range	Distributed Metadata and Data with Dataverse	A talk given at <a href="https://distribits.live">Distribits 2024</a> covering distributed metadata, OAI-PHM, distributed data, future architecture for a mixed-style storage configuration in Jülich DATA, and the use of Dataverse APIs to manage data with Python.	jSzwAIqjq-o		https://dataverse.org/presentations/distributed-metadata-and-data-dataverse													
2024-04-02	Mark Roth	Memento	The goal of Memento is to ensure that data is reproducible and that accurate provenance is maintained in metadata. The Memento Framework does not pin itself to a specific programming language, back-end storage technology or compute framework. Rather, it focuses on a technique for generating and accessing data that preserves accurate metadata throughout. See more at: <a href="https://github.com/twosigma/memento">https://github.com/twosigma/memento</a>.		https://drive.google.com/file/d/1ABSjVs_TVrpKcAtQDcyL68A1BHQTazPu/view?usp=share_link									markroth8					
2024-03-15	ICPSR	TurboCurator: A new tool from ICPSR!	Securely create metadata using AI. Reliable study titles, descriptions, and keywords. Make your data more findable and reusable in only a few clicks. Harnessing the power of Next-Gen technology.  Using a standardized thesaurus developed by the world's leading social science data archive, TurboCurator can be enabled on any Dataverse instance. Ask your administrator to enable it today! 	Ac2GH_D5ZSI															
2024-03-08	Dataverse Community	Dataverse Community Meeting 2024 (March 8, 2024)		OTX432jGxIk															
2024-03-07	Dataverse Community	Dataverse Community Meeting 2024 (March 7, 2024)		oUifFP7ZQR0															
2024-03-06	Dataverse Community	Dataverse Community Meeting 2024 (March 6, 2024)		-5hYute0UE4															
2024-03-05	Stefano Iacus	Bringing Data Close to Compute at Harvard Dataverse	With data becoming increasingly large and machine learning and AI equally popular also outside the hard sciences, we decided to exploit the versatility and cost effectiveness of the MOC infrastructure in terms of high performance computing (NERC) and storage (NESE). Moreover, being MOC an integrated infrastructure, it is possible to run computing on large data without moving data over the Internet.. In this talk we present a proof of concept of this approach where the Dataverse software is integrated with NESE and NERC realizing the goal of computing directly on large data.	LA1BbkV3Efk		https://osf.io/69cux				16217			1	siacus					
2024-03-05	Arofan Gregory	WorldFAIR, CDIF, and Cross-Domain FAIR Resources: Dataverse as a FAIRer Repository	This presentation introduces CODATA and the WorldFAIR project and it's goal of helping to define what FAIR implementation means in practical terms, both within and between domains, disciplines, and infrastructures. Repositories play a key role in helping to realize the FAIR vision, but that vision demands that more fine-grained metadata be made available, in a variety of forms. Dataverse is a potential platform for helping data managers meet the increased demands of FAIR, while not placing an unrealistic burden on them. By better supporting standards such as DDI-CDI, SKOS, and others recommended by the WorldFAIR Cross-Domain Interoperability Framework (CDIF), Dataverse could help promote FAIR both within and across domains. This presentation looks at the current state of play for FAIR implementation, and at emerging efforts to enable Dataverse to play this important role.	LA1BbkV3Efk		https://osf.io/p6xnz				13096									
2024-03-05	Philip Conzett, Jon Crabtree, Jim Myers	Updates from the Global Dataverse Community Consortium	Yearly update from the GDCC.	LA1BbkV3Efk		https://osf.io/pq93n				5849									
2024-03-05	Dataverse Community	Dataverse Community Meeting 2024 (March 5, 2024)		LA1BbkV3Efk															
2024-03-04	Dataverse Community	Dataverse Community Meeting 2024 (March 4, 2024)		fzJXDTP9Eco															
2024-02-28	Stefano Iacus	Bringing Data Close to Compute at Harvard Dataverse	With data becoming increasingly large and machine learning and AI equally popular also outside the hard sciences, we decided to exploit the versatility and cost effectiveness of the MOC infrastructure in terms of high performance computing (NERC) and storage (NESE). Moreover, being MOC an integrated infrastructure, it is possible to run computing on large data without moving data over the Internet.. In this talk we present a proof of concept of this approach where the Dataverse software is integrated with NESE and NERC realizing the goal of computing directly on large data.	9LmiVILZs_Q		https://docs.google.com/presentation/d/16BEBuRx6ClAJa-y3qBGH6HwLGftlyCBqQj4L8424DqE/edit?usp=sharing													
2024-02-06	Jorrit Poelen	A Dataverse Beyond The Internet	The Internet will likely become less popular at some point, just like the Cassette Tape did in the 90s. In his talk, Jorrit discusses "signed citations" as a method to extend citations and their associated digital data beyond the Internet. Poelen, J. H. (2024, February 6). A Dataverse Beyond the Internet hash://md5/e34b50213fc407892d0810dabd742b1f. Zenodo. https://doi.org/10.5281/zenodo.10626561		https://harvard.zoom.us/rec/share/qOxsFDx6_q_QD612Xpk2wIXVmEr23JlX5xEjmF5MaZ0WlosB72MOLQZeJSJozYFN.JJmm0wFDYHT2bxkP	https://jhpoelen.nl/dataverse-talk-2024-02-06/#/title-slide								jhpoelen					
2024-01-31	Gustavo Durand, James Myers	Introduction to Dataverse APIs	How to get started with Dataverse APIs and an overview of tools that make use of them.	Z8C0kz5zn0s		https://dataverse.org/presentations/introduction-dataverse-apis									1	dataverse.harvard.edu	tutorial	API users	
2024-01-23	Katie Mika, Wim Hugo, Amber Leahey	GDCC Sensitive Data IG meeting - National Repositories & National Regulations	This recording of the January meeting of the Sensitive Data IG focused on National Data Repositories & Initiatives as well as local sensitive data regulations and best practices for managing and sharing. We had a few community members from National Repositories who shared their perspectives including DANS & Borealis.		https://harvard.zoom.us/rec/share/VQteAjATctzHwizqsLQcvFx1zK74yFXT_pIwuBSYr_BMb8B7c_kCxCbpeAOFQHGD.dOU_aXyNxAY7yZMz	https://docs.google.com/presentation/d/1raxrGDFBqADdhnBJGhxLja8OCEQezqJG/edit?usp=sharing&ouid=105249378030301834452&rtpof=true&sd=true								kmika11					
2024-01-09	Kelly Doonan-Reed	TurboCurator demo	TurboCurator by ICPSR assists data depositors by providing recommendations for enhancing metadata quality before publication.		https://harvard.zoom.us/rec/share/0a9L0tMXUK1lRlR4Y5Lx-AHIWD4JuhEtahohBsgQGoFauc5Ng2WjkdhxyuRZdBEq._GjWpzbwX1FqluZq	https://drive.google.com/file/d/1zFOGFBqlwggIO6qPHhmFLdt9YagIms8s/view?usp=sharing								ICPSR					
2023-12-13	Melina Hernández	Demo of the new Dataverse frontend: files table	The Dataverse frontend is being <a href="https://groups.google.com/g/dataverse-community/c/2hfhWIHQddE/m/hATuWGGSAAAJ">rewritten</a> into a Single Page Application (SPA) and <a href="https://github.com/IQSS/dataverse-frontend">the new React code</a> is now deployed to <a href="https://beta.dataverse.org/spa">beta.dataverse.org/spa</a>. This video demostrates the progress so far, especially the ability to display, sort, and filter files on a dataset page.		https://drive.google.com/file/d/1uo3wJM4wlLpPouGM4zbxCAy2pCIjXfFn/view?usp=sharing									MellyGray					
2023-12-12	Jan Range	pyDataverse-Generator, an automated approach using the OpenAPI specification	PyDataverse is designed to closely resemble Dataverse's native API structure. However, the native API is not static, and new endpoints are added or existing ones can change with each release. This makes it challenging to keep PyDataverse up-to-date with the latest API changes, as there is no active maintenance team. To reduce the maintenance burden and ensure PyDataverse is up to date, OpenAPI specifications can be used to dynamically generate PyDataverse's core. This includes URL endpoints, parameters, payload, and response schemes. In addition, synchronized schemes allow client-side validation of requests that are up-to-date with the current version of Dataverse. Ultimately, automatic synchronization between PyDataverse and Dataverse reduces maintenance burden, allowing the maintenance team to focus on developing a high-level interface for user-friendliness and ensures the core developer team that upstream changes are reflected in client libraries.		https://harvard.zoom.us/rec/share/TNXUMpkr4YD6Iyw_JPdDoka7u9JC2hCR2phXPrJ_RW8m2Oxogx11xEucjffrH2va.npteF-PwuuX_n2vt	https://drive.google.com/file/d/1aqtKnZWr67nXeQHLbfJyhuHQ7vYLykU4/view?usp=drive_link								JR-1991					
2023-12-04	Sonia Barbosa	Intermediate Curation on the Dataverse Platform	This session is designed to delve into the practices, tools, and features of data curation, focusing specifically on the Harvard Dataverse Repository as the platform for storing, sharing, and curating research data. This webinar aims to guide intermediate users through advanced curation techniques, empowering them to enhance data discoverability, usability, and re-usability within the Harvard Repository. Attendees will gain in-depth knowledge of metadata enrichment, version control, best practices for data documentation, and ensuring compliance with repository standards and policies.	L5n6qci3bz0		https://dataverse.org/presentations/intermediate-curation-dataverse-platform									1	dataverse.harvard.edu	tutorial	Curators	
2023-11-15	Julian Gautier	Introduction to Metadata in Dataverse Repositories: For Researchers and Support Staff 	Come learn about how Dataverse helps researchers describe and find data. This webinar will cover how metadata fields are organized and how Dataverse features help streamline data publishing and make data more findable, accessible, and reusable.	8BZRqtdhF68		https://dataverse.org/presentations/introduction-metadata-dataverse-repositories-researchers-and-support									1	dataverse.harvard.edu	tutorial	End users	
2023-11-14	Kyle Logue	A Python script for downloading large files from Dataverse	The script can be downloaded from <a href="https://gist.github.com/Teque5/432971e88440ba78fc5c6147bcdf1662">GitHub</a>. In the Zoom recording, this is video 2 of 2.		https://harvard.zoom.us/rec/share/AsB1xRUM3bsNmDrqTVa9ZM91FaHM5F1wdVAdoBAbbM5bXLllDUKfBfAbkLb4G7Ej.-Jyz6CjRt18R3Hfq									Teque5					
2023-11-14	Philip Durbin	Fast redeploy of Dataverse code, continued	A quick demo with Netbeans and pointers toward the <a href="https://groups.google.com/g/dataverse-community/c/zNBDzSMF2Q0/m/Z-xS6fA2BgAJ">ongoing discussion</a>. In the Zoom recording, this is video 1 of 2.		https://harvard.zoom.us/rec/share/AsB1xRUM3bsNmDrqTVa9ZM91FaHM5F1wdVAdoBAbbM5bXLllDUKfBfAbkLb4G7Ej.-Jyz6CjRt18R3Hfq									pdurbin					
2023-11-07	Philip Durbin	Fast redeploy of Dataverse code with Netbeans	With Payara running in a Docker container, we run Dataverse (a Jakarta EE app) in debug mode and click "Apply Code Changes" to quickly deploy code changes. See also <a href="https://github.com/IQSS/dataverse/issues/9590">#9590</a>.	yo3aKOg96f0															
2023-10-11	Sonia Barbosa, Gustavo Durand, Amber Leahey	Introduction to Data Handling on the Dataverse Platform	Introduction to Dataverse ● Data Management Principles ● File Handling & Deposit ● Permissions and access ● Overview of File Handling Features ● Management of Various Data Types ● File Versioning ● Files and External Tools / Integrations ● Spotlight: Analysing Survey Data Using Data Explorer	DzyFHoZp71g		https://dataverse.org/presentations/introduction-data-handling-dataverse-platform									1	dataverse.harvard.edu	tutorial	End users	
2023-10-17	Julian Gautier, Eryk Kulikowski	Oct 2023 Datavese Community Call: UX research and RO-Crate	Julian Gautier spoke about an update to a UX research resource, <a href="https://doi.org/10.7910/DVN/8FEGUV">Dataset metadata of known Dataverse installations"</a>, meant to help make data informed design decisions for Dataverse, and gave an update on the planned Dataverse UX Working Group. The KU Leuven LIBIS team demoed and discussed their work on RO-Crate previewers and exports. For more information about KU Leuven LIBIS team's talk, see <a href="https://groups.google.com/u/1/g/dataverse-community/c/oXksy1da1KI">the thread in the Dataverse Community Google Group</a>.		https://drive.google.com/file/d/163meDdiPpx7GtVYo0ue44iaypbAt4Pxf	https://docs.google.com/presentation/d/16Wh_mmlF6DBh2a9JqbCaVxg_0PuydFWfe_XaB7AA89Q		https://docs.google.com/presentation/d/16Wh_mmlF6DBh2a9JqbCaVxg_0PuydFWfe_XaB7AA89Q/export/pdf	https://drive.google.com/u/1/uc?id=163meDdiPpx7GtVYo0ue44iaypbAt4Pxf&export=download										
2023-10-12	Guido Schmutz	Platys and Dataverse	<a href="https://github.com/trivadispf/platys">Platys</a> is a tool for generating and provisioning modern data platforms based on Docker and Docker Compose. In this demo we see how the next version of Platys will support Dataverse.		https://harvard.zoom.us/rec/share/XAsfCi18HhPdVxe9NZPvAAqt4SId1H_i7CH7ePrpsMzQ690sZiwkgW9_6Rqo9tuQ.NuIo-gsuEZCuUMsa	https://github.com/TrivadisPF/platys-modern-data-platform/blob/develop/presentations/platys-two-pager-v1.0.pdf								gschmutz					
2023-09-20	Katie Mika	Introduction to Data Management & FAIR	This webinar goes beyond the basics, offering a comprehensive overview of how the FAIR principles - Findability, Accessibility, Interoperability, and Reusability - can elevate your data management skills and propel you towards becoming a data sharing expert.	X19ne3S8Axo		https://docs.google.com/presentation/d/1qqyJqE_IghX--FTWqJ37YncCJ_e-BQ_z9wAMsqQ-Jv8/edit?usp=sharing									1	dataverse.harvard.edu	tutorial	End users	
2023-09-19	Miguel Tomas Silva	Real-time experimental data and Dataverse	Adding <a href="https://tinyurl.com/ValidationDataOrigins">functionality</a> to receive live, real-time, experimental data directly from a smart data acquisition device into Dataverse.		https://harvard.zoom.us/rec/share/4TRL7aiOpaKJpWIy6A5UlUoVijSlYTpVpN-aNHkXRQObK3Wjw7nahGrhJyPdJkYz.LQgomyX-CPBAaY8D									aeonSolutions					
2023-09-15	Julian Gautier	GREI Collaborative Webinar: Metadata Recommendations	Metadata recommendations from the GREI metadata and search subcommittee, including how the recommendations came about, what we hope to achieve, and next steps.	PmvEunzZUsc		https://doi.org/10.5281/zenodo.8356814									1	dataverse.harvard.edu	tutorial	End users	
2023-09-14	Sonia Barbosa, Julie Goodman	Introduction to Using the Harvard Dataverse Repository & the NIH DMP Harvard Dataverse Guidance Document	Come learn about the Harvard Dataverse Repository for data sharing and preservation. This overview will cover how Dataverse supports data sharing and FAIR, the new NIH DMP Harvard Dataverse Guidance documentation, an overview, and more. 	GAtrBD8ajNI											1	dataverse.harvard.edu	tutorial	End users	
2023-09-13	Ellen Kraffmiller et. al	UI Component Library Group kickoff meeting	We had a good discussion about the goals for our group, the main goal being to share information among community members interested in UI development. For notes and future meetings, see <a href="https://groups.google.com/g/dataverse-community/c/4iuH6HRUy2c/m/59beyU3OAQAJ">this thread<a>.		https://drive.google.com/file/d/12g_kbOw75CcNpEHsA860CQqlJjzUKdOU/view?usp=drive_link									ekraffmiller					
2023-08-22	Slava Tykhonov	Knowledge Graphs and Semantic Search in Dataverse	Presentation for the Dataverse Community call on the practical implementation of semantic interoperability on the infrastructure level by using Linked Open Data and Semantic Web technologies.		https://harvard.zoom.us/rec/share/1jwUV3HikNUXWJM8rFF-AL4GcOpSIykrJLhSYBzBwQIhwjyYal9w6m2q990ag0xu.1LjiFXCZB5BpNSW5	https://docs.google.com/presentation/d/1Hmk0lURneusskC8BAg2scLkyZEsnWoLqszzm8-b1QbE/edit?usp=sharing								4tikhonov					
2023-08-03	Guillermo Portas	Demo of the new Dataverse frontend	The Dataverse frontend is being <a href="https://groups.google.com/g/dataverse-community/c/2hfhWIHQddE/m/hATuWGGSAAAJ">rewritten</a> into a Single Page Application (SPA) and <a href="https://github.com/IQSS/dataverse-frontend">the new React code</a> is now deployed to <a href="https://beta.dataverse.org/spa">beta.dataverse.org/spa</a>. This video demostrates the progress so far, especially the ability to display a dataset page.		https://drive.google.com/file/d/1T31O6VPsA2rmVeAVlt13W528xrgjJ9vj/view?usp=drive_link									GPortas					
2023-07-25	Erwan Béguin	Connectors between Dataverse and several research tools such as JupyterHub and D4science	The EOSC Pillar Dataverse-to-JupyterHub Connector enables seamless data transfer, promoting efficient analysis and collaboration. Key features include two-way file and dataset transfer, lightweight deployment, and cloud integration with JupyterHub instances. It supports small to medium-sized files and open access Dataverse API endpoints, with upcoming support for large files and signed Dataverse endpoints. The repository is available here: <a href="https://forgemia.inra.fr/dipso/eosc-pillar/dataverse-jupyterhub-connector">https://forgemia.inra.fr/dipso/eosc-pillar/dataverse-jupyterhub-connector<a>		https://harvard.zoom.us/rec/share/0RpoN_a7HPXF9jpBovtvxVgcaEbqrv5ZBSIKISVemdZjswGxOzbalQYpjebCbLA1.y2ZjRXYxhq8C_SU7									r1beguin					
2023-07-11	Thomas van Erven	Presentation slides "Semantic enrichment using Dockerized Services"	Slides from the presentation done first at Braga in 2023, later on 11th of July during community call.		https://harvard.zoom.us/rec/share/UpvuM5G8lUWCkud_3BGghRvBZKpchuK5BzRBxRtbHvdLLWwZrwVx9nZb4tURNMMP.7CGoo_Pn1rdo2kYX	https://docs.google.com/presentation/d/1sdnmYlQHlQbuFK87EW4vlh9neNM_axYW/edit?usp=sharing&ouid=117275479921759507378&rtpof=true&sd=true								thomasve-DANS					
2023-06-23	Dieuwertje Bloemen, Nick Poels	Integrating Symplectic Elements with Dataverse		SWfgZjR90ys										DieuwertjeBloemen					
2023-06-07	(Silent presentation)	Demo video from presentation "Semantic Enrichment using Dockerized Services"	Video depicting a number of technical topics via demo from the presentation "Semantic Enrichment using Dockerized Services		https://drive.google.com/file/d/1ItdT65hECHLH4qidoMWUskf_TYE7_AqB/view?usp=sharing									thomasve-DANS					
2023-06-07	Various	Dataverse Community Meeting 2023: June 7	Livestream from #dataverse2023 in Braga, Portugal.	mJuUdV39Bng															
2023-06-06	Various	Dataverse Community Meeting 2023: June 6	Livestream from #dataverse2023 in Braga, Portugal.	Bg3oeAzbkb8															
2023-05-30	Rok Roškar	Renku: a platform for sustainable data science	Renku is a platform developed at the Swiss Data Science Center with the goal of making it easier to develop, explore, and disseminate data science projects. This talk introduces the basic ideas behind the platform and focuses on potential integrations with data repositories.		https://harvard.zoom.us/rec/share/qrawVmox3SgiZE4k9x8xq-wPtmlAGRSmz4QT4i_btQELRj4whTdQBtXIJiKvz0uv._IDP0oYOMH0ncVsN	https://docs.google.com/presentation/d/1IJVDbvRbItMHRzeR1TQVh1FChI-ZJ-vA/edit?usp=sharing&ouid=107356554743493650358&rtpof=true&sd=true								rokroskar					
2023-05-02	Dominic Kempf	Pooch - Easily interact with data repositories from Python code	Demo of the Pooch library for data downloading from Python library code including its capabilities to work directly with DOIs pointing to Dataverse repositories.		https://harvard.zoom.us/rec/share/8hemz1tNNWeLRlLfsTBI0vD7U0q8WZvyMVd1YzT4UyvbVORmnhakwRRRF1fw2ANr.vcBXZk5kJnAAa11S	https://heibox.uni-heidelberg.de/f/ef388cb5a8a74f3d8d26/								dokempf					
2023-04-18	Philip Durbin, Oliver Bertuch, Guillermo Portas	Dataverse Containerization proposal	A walkthrough of the <a href="https://docs.google.com/document/d/14DHDB24Cp_kzpYqhHCKCtnzOw8_WuLOOONyqJHSsaYM/edit?usp=sharing">Dataverse Containerization</a> proposal by its authors, building upon the work of the <a href="https://ct.gdcc.io/">Containerization Working Group</a>.		https://harvard.zoom.us/rec/share/qQJLuOQYIX5FA5Fsandjuu3L4qIgmV9AKOZ0tZu3ZPcdDmcVw-2D7qn9VcCAojIk.PHPDAOdOWYI_hXCr														
2023-04-04	Dimitri Szabo	Data paper template generation tool	Data papers are small publications allowing to increase the visibility of published dataset, in particular when they are not related to a scientific article. If the description expected in a data paper should be more extensive than the one provided in the repository, most of the information is either the same than the metadata or can be expanded from the metadata a first basis. The concept of this tool is therefore to generate templates of data papers, that can be adapted e.g. for various journals, prefilled from the metadata of datasets published in Dataverse.		https://harvard.zoom.us/rec/share/uNiYpxFHWRWxtEZLxm7VQDPqpIqvET5-l8rrs7AXwVwXer2cJwQZ4irQV3BJXU6c.F_TcHXxLOOgfIUam	https://nextcloud.inrae.fr/s/xkJ8Yg7pF9FSrFn								DS-INRAE					
2023-04-03	Ramin Soleymani-Fard	IDS Toolkit Demo/Local Contexts - Dataverse	The RIDAGOP (Indigenous data sovereignty) toolkit (<a href="https://toolkit.ridagop.net">https://toolkit.ridagop.net</a>) allows developers to create generic data-management processes, connect them to data-repository systems. This demonstrates two processes; adding Local Contexts Labels to datasets and how to create a customizable data access application processes.		https://drive.google.com/file/d/1kWMdMDlqm-kDK5yexBqKhaYuPBgefZD6/view?usp=sharing	https://drive.google.com/file/d/1lnYVYsTdPwIjn-QY8hXOeaZ1BiAvbWsT/view?usp=share_link													
2023-03-21	Philip Durbin, Oliver Bertuch, et al.	Kickoff of the Containerization Working Group	The <a href="https://dataverse.org/working-groups#cwg">Containerization Working Group</a> will meet weekly on Thursdays at 10am Boston time. The first goal is to write up <a href="DRAFT - Dataverse Containerization">a proposal</a> to present at the community call on April 18.		https://harvard.zoom.us/rec/share/qb3gd3pboooRa9UHyLyIvPfxVgoahbGWFaxLdJDO2VD-MGMqWnZIsJjc3Rxao6Wu.-Y-CiwvgRwVj8v6c	https://docs.google.com/document/d/1r_GMYqYzUyQR2LQ2cqSLWPDuFRzd18PJ-4UFC4Nvnpw/edit?usp=sharing													
2023-03-08	Jan Range	EasyDataverse	EasyDataverse is a Python library used to interface Dataverse installations and present metadatablocks as objects that data can be mapped to. Simply connect to a Dataverse, enter metadata, add files and upload to your installation.		https://harvard.zoom.us/rec/share/No8cEKFabto-WlJ_kR_ghZeSxEnblNVsZLq4X7rdCVxv5hoPgXox6G0_eo8518wJ.RAidfVMAKoxI1AvJ	https://www.dropbox.com/s/0mkkiiuj3eody1t/EasyDataverse_IQSS_Talk_2023_JRange.pdf?dl=1								JR-1991					
2023-03-07	Sebastian Karcher	Integrating Hypothesis Open Web Annotations into Dataverse	QDR provides an external tool, Anno-REP, to extract annotations from Word or PDF, convert them into Hypothes.is annotations, and export them to any webpage. Annotations are also stored in QDR’s Dataverse instance, where they can be viewed using a previewer.		https://harvard.zoom.us/rec/share/2sSa1j_nMb--MQl8FhMEND6rr4Sk3W3iKDkqOKhPiwACiJiR57MAnDP95C3rCn_6.4piBFUyW0Yz1G3vB									adam3smith					
2023-03-07	Jan Range	Modular SPA Design: Proof of principle in React	As Dataverse strives towards enriching its capabilities through a single page application, cutting-edge web development libraries like React provide unparalleled flexibility in design. In light of this, a significant achievement would be to enable users to tailor their experience by integrating plugins that extend functionality or streamline data transfer to external applications, such as a review tool. The talk at hand showcases a prototype, serving as a proof of concept, and offers insight into the architecture and utilization of such an extension within the SPA.		https://harvard.zoom.us/rec/share/yOEbfibctzmKkoLNP-MHypX_p_Fzi7mOVGLmL1jVkZp9_71VWyUNAskumD_ZcjyK.CLGqvGCcJtexMo7m									JR-1991					
2023-02-07	Dieuwertje Bloemen, Eryk Kulikowski	Demo of rdm-integration	A dashboard to pull data from active data management systems (such as Gitlab, Github, iRods and pretty much any tool with an API). It's meant to make integrations more flexible and less dependent on the integration’s provider’s cooperation.		https://harvard.zoom.us/rec/share/_vePazWP1NsGB56fyQBjSKlVD9awJQuS-YGGcEkCFByYnVtYpLPXsoCGnKSl1jcF.ShkyCfxEj3-4qkia	https://kuleuven-my.sharepoint.com/:p:/g/personal/dieuwertje_bloemen_kuleuven_be/Ec5Six6VT5hCmzwfVJACF2oBCj5KgH7te9VAomBjzkqWnA?e=FC4F9t							1	libis					
2023-01-10	Jan Range	EasyReview	EasyReview is a website tool designed to help review datasets stored in Dataverse. It breaks down the review process by looking at each field of the dataset individually. Reviewers can be easily invited to join the review through a provided link, and can share their feedback with others involved in the process.		https://harvard.zoom.us/rec/share/bDBTo_M5X4B-gcDgbUqxK3ABBXQyB1iLrPOB0Sgi91yvia4KRI9lW7BgTHoB9IU.GNuVNf21uH6ibpSY	https://www.dropbox.com/s/o986yf09c7a0tfr/EasyReview_SimTech_Range_2023.pdf?dl=1								JR-1991					
2022-12-08	Sonia Barbosa (Dataverse), Sarah Lippincott (Dryad), Eric Olson (OSF), Ida Sim (Vivli)	Best practices for sharing data in a generalist repository: Metadata, data preparation, and reporting	This webinar will introduce best practices for sharing NIH-funded data in generalist repositories including tips and guidance for generating high quality metadata to describe your data, preparing data files and documentation for sharing, considerations for data licensing and privacy, and reporting on open data and metrics.	97RW26VsTtg		https://osf.io/h59ge									1	dataverse.harvard.edu	tutorial	End users	
2022-11-10	Ana Van Gulick (Figshare), Julie Goldman (Harvard Library), Rebecca Li (Vivli), Jessica Herzog (Dryad), Nici Pfeiffer (Open Science Framework)	How to include generalist repositories in your NIH data management and sharing plans	Learn how to include generalist repositories in data sharing plans as part of your preparation for the new NIH Data Management and Sharing Policy beginning in January 2023.		https://osf.io/hecvk	https://osf.io/g8syp									1	dataverse.harvard.edu	tutorial	End users	
2022-10-31	Ana Trisovic, Philip Durbin, Oliver Bertuch	NetCDF/HDF5/geospatial kickoff meeting	The first of weekly public meetings about the NetCDF/HDF5/geospatial project. See the <a href="https://groups.google.com/g/dataverse-community/c/rAdXa7hVeH8/m/eEuQHOqLAQAJ">announcement</a> of the project and the <a href="https://docs.google.com/document/d/1M2zZ6mN1QngYpRzGomb5R6fk9ePwG5BPgD65leseow4/edit?usp=sharing">notes</a> for this initial meeting. All are welcome to join <a href="https://calendar.google.com/calendar/embed?src=c_udn4tonm401kgjjre4jl4ja0cs%40group.calendar.google.com&ctz=America%2FNew_York">future meetings</a>.		https://drive.google.com/file/d/1E-aV1yFukwZYO9-Qxm1W-QXzbrWIZMCk/view?usp=sharing														
2022-10-12	Sonia Barbosa	Meet the GREI Generalist Repositories	A panel discussion with the 7 generalist repositories participating in the NIH Generalist Repository Ecosystem Initiative (GREI). We learned about common features and capabilities across repositories as well as repositories that support specific use cases.	JXaKr1B8lvw		https://datascience.nih.gov/grei-collaborative-webinar-series									1	dataverse.harvard.edu	tutorial	End users	
2022-09-15	Sonia Barbosa	Introduction to Generalist Repositories for NIH Data Sharing	Learn what a generalist repository is, including key repository features and data sharing use cases for generalist repositories. Find out how generalist repositories fit into the NIH data sharing landscape and the new NIH Data Management and Sharing Policy.	prywwu1Bzww		https://datascience.nih.gov/grei-collaborative-webinar-series									1	dataverse.harvard.edu	tutorial	End users	
2022-09-06	Philip Durbin	Demo of using Globus to upload files to Dataverse 	Support for Globus is currently being tested. Upload is working, as shown in this demo.		https://harvard.zoom.us/rec/share/KpCjrmA9XdKIuoFiKJEFS1btmpobXLLy-ZjLwsMjmNg5qRg9U4TZ1MNOIrK4o-Ii.5MRgVLZj0B-OwUpZ								1	globus					
2022-08-23	Eryk Kulikowski, Dieuwertje Bloemen	Demo of creating datasets with incomplete required metadata fields	KU Leuven RDR has code ready to resolve https://github.com/IQSS/dataverse/issues/8822		https://harvard.zoom.us/rec/share/EZGLPBLPv3o74H_WD-ejp34c3Grro1Jk8mS5L8um9PyFbKzVr2Ro_62gqIkckKf5.1Fh8UfNOIkc8sqpc		https://harvard.zoom.us/rec/share/EZGLPBLPv3o74H_WD-ejp34c3Grro1Jk8mS5L8um9PyFbKzVr2Ro_62gqIkckKf5.1Fh8UfNOIkc8sqpc						1	libis					
2022-08-02	Gustavo Durand	Introduction to the Dataverse Software (in Spanish)	Given at the launch event for Repositorio de Datos Académicos RDA-UNR.	z2Fzjl5o6KA		https://docs.google.com/presentation/d/1L0uAFoLauNWIBu0RIhV_WgGOxyXih7lZErnKHeHJPmY/edit?usp=sharing													
2022-06-15	Jim Myers	Experimenting with geospatial indexing	Given at the Geospatial session at the 2022 Dataverse Community Meeting.	EACJJaV3O1c		https://osf.io/84pnw				4032			1						
2022-06-15	Kevin Worthington	Geospatial Data Support in Institutional Repositories	Given at the Geospatial session at the 2022 Dataverse Community Meeting.	EACJJaV3O1c		https://osf.io/mz82b				3100			1	kevinworthington					
2022-06-15	Fu Xiaokang	Dataverse Enables Effective Sharing of COVID-19 Data	Given at the Geospatial session at the 2022 Dataverse Community Meeting.	EACJJaV3O1c		https://osf.io/8r5xg				2081			1						
2022-06-15	Bert Spaan	Allmaps: curating, georeferencing and exploring for IIIF maps	Given at the Geospatial session at the 2022 Dataverse Community Meeting.	EACJJaV3O1c						1240			1	bertspaan					
2022-06-15	Kaitlin Newson	GeoJSON Preview	Given at the Geospatial session at the 2022 Dataverse Community Meeting.	EACJJaV3O1c		https://osf.io/6kgq5				588				kaitlinnewson					
2022-06-15	Kevin Worthington	Geospatial session introduction	Given at the Geospatial session at the 2022 Dataverse Community Meeting.	EACJJaV3O1c		https://osf.io/mz82b							1						
2022-06-15	Jim Myers	There and Back Again: Recent Updates to Dataverse’s BagIt-based Archiving Capabilities	Given at the Preservation session at the 2022 Dataverse Community Meeting.	qY3ZUwLqL8Y						2513									
2022-06-15	Tiago Braga, Tatiana Canelhas Pignataro	Hipátia: a model to implement trusted archival digital repositories	Given at the Preservation session at the 2022 Dataverse Community Meeting.	qY3ZUwLqL8Y		https://osf.io/876bw				1362									
2022-06-15	Grant Hurley	Fixity in the Cloud: Preservation Planning for Scholars Portal Dataverse	Given at the Preservation session at the 2022 Dataverse Community Meeting.	qY3ZUwLqL8Y						278									
2022-06-15	Dorothea Iglezaki	Metadata2Dataverse demo	Given at the Metadata session at the 2022 Dataverse Community Meeting.		https://osf.io/jd63z	https://osf.io/xtm4z								doigl					
2022-06-15	Dorothea Iglezaki	Metadata2Dataverse	Given at the Metadata session at the 2022 Dataverse Community Meeting.	eeCMN_5Nj_0		https://osf.io/xtm4z				6528			1	doigl					
2022-06-15	Jan Range	EasyDataverse: Generation of a User-friendly Python Interface to a Dataverse Installation	Given at the Metadata session at the 2022 Dataverse Community Meeting.	eeCMN_5Nj_0		https://osf.io/txcdh				5517			1	JR-1991					
2022-06-15	Eugene Barsky, Paul Lesack	Dryad2Dataverse	Given at the Metadata session at the 2022 Dataverse Community Meeting.	eeCMN_5Nj_0		https://osf.io/4ahfr				4758			1	plesubc					
2022-06-15	John Huck, Kaitlin Newson	One to Beam Up: Migrating a Dataverse Repository to a Shared Installation	Given at the Metadata session at the 2022 Dataverse Community Meeting.	eeCMN_5Nj_0		https://osf.io/9dx7p				3523			1						
2022-06-15	Oliver Bertuch	HERMES + Dataverse - are we ready for research software?	Given at the Metadata session at the 2022 Dataverse Community Meeting.	eeCMN_5Nj_0		https://osf.io/vqcuh				2293			1	poikilotherm					
2022-06-15	Slava Tykhonov	Flexible Metadata Schemes Support for Dataverse	Given at the Metadata session at the 2022 Dataverse Community Meeting.	eeCMN_5Nj_0		https://osf.io/67g8d				1135			1	4tikhonov					
2022-06-15	Wim Hugo	Where Does Metadata End, and the Graph Begin?	Given at the Metadata session at the 2022 Dataverse Community Meeting.	eeCMN_5Nj_0		https://osf.io/caq68													
2022-06-15	Andrew Woods	Harvard Data Commons	Through the Harvard Data Commons project, we’ve developed a Confederation of Open Access Repositories (COAR) Notify/Linked Data Notification-based mechanism for these repositories to inform each other of new materials potentially related to their holdings, allowing administrators to easily create back-links as appropriate.	S6tbrqOU8QM		https://osf.io/72w4m													
2022-06-15	Mahmood Shad	FAIR Computational Workflow Support in Dataverse	Given at the Curation and/or Workflows session at the 2022 Dataverse Community Meeting.	4b-1jwxKb9A		https://osf.io/2xj7m				5656			1						
2022-06-15	Wim Hugo	Licences and Automation	Given at the Curation and/or Workflows session at the 2022 Dataverse Community Meeting.	4b-1jwxKb9A		https://osf.io/cm7rx				4544			1						
2022-06-15	Kathryn Claypool	Using Metadata to Catalog: When Protected Data Can’t Be Stored in Dataverse	Given at the Curation and/or Workflows session at the 2022 Dataverse Community Meeting.	4b-1jwxKb9A		https://osf.io/z5shx				3646			1						
2022-06-15	Ceilyn Boyd, Katie Mika	Curating Large Library Collections in the Harvard Dataverse Repository	Given at the Curation and/or Workflows session at the 2022 Dataverse Community Meeting.	4b-1jwxKb9A		https://osf.io/sdxyw				2315			1						
2022-06-15	Saadiah Ghazali	WorldFish Dataverse Performance	Given at the Curation and/or Workflows session at the 2022 Dataverse Community Meeting.	4b-1jwxKb9A		https://osf.io/2dg9n				949									
2022-06-15	Christina Chan-Park, Laura Sare, Laura Waugh	Getting to Know You: Results of the Texas Data Repository User Survey	Given at the Curation and/or Workflows session at the 2022 Dataverse Community Meeting.	4b-1jwxKb9A		https://osf.io/5u4gh							1						
2022-06-15	Marcus Gaertner	XSample – Excerpt Generation via External Tool	Given at the Tools/Curation/Metadata session at the 2022 Dataverse Community Meeting.	aIC_cfkWgZk		https://osf.io/u6xtp				4001									
2022-06-15	Maria Praetzelli, Julie Goldman	FAIRification of Data through Passage of Research Data and Metadata between DMPTool, RSpace and Dataverse	Given at the Tools/Curation/Metadata session at the 2022 Dataverse Community Meeting.	aIC_cfkWgZk		https://osf.io/wx5hk				2495			1	rspace-os					
2022-06-15	Sebastian Karcher	Enhancing Dataverse for Qualitative Data: New Previewers and External Tools	Given at the Tools/Curation/Metadata session at the 2022 Dataverse Community Meeting.	aIC_cfkWgZk		https://osf.io/g238h				1330			1						
2022-06-15	Sebastian Karcher	Introducing dvcurator-python	Given at the Tools/Curation/Metadata session at the 2022 Dataverse Community Meeting.	aIC_cfkWgZk						868			1						
2022-06-15	Matthew Dunlap	Confirmable Reproducible Research Environment - CORE2	Given at the Tools/Curation/Metadata session at the 2022 Dataverse Community Meeting.	aIC_cfkWgZk		https://osf.io/v3t4p				25			1	matthew-a-dunlap					
2022-06-15	Sonia Barbosa	The Dataverse Project for Managing and Sharing Your Research Data		sLoOrSMHK4Y		https://osf.io/j9ywu				4412			1						
2022-06-15	Katie Mika	Research Data Publishing Ethics - Outputs from FORCE11 & COPE Working Group		sLoOrSMHK4Y		https://osf.io/7afhp				3658			1						
2022-06-15	Jon Crabtree, Philipp Conzett, Jim Myers	Updates from the Global Dataverse Community Consortium	Financial updates, ongoing projects, GDCC website, Governance and Advisory Board, Dataverse Community Survey 2022	sLoOrSMHK4Y		https://osf.io/4bdcj													
2022-06-14	Ana Trisovic	Dataverse Integration With GitHub via a GitHub Action	Given at the Integrations/Tools session at the 2022 Dataverse Community Meeting.	3ek7F_Dxcjk		https://osf.io/e4xu6				6286			1	atrisovic					
2022-06-14	Jim Myers	Adding Lots of Zeros to the Size of Datafiles	Given at the Integrations/Tools session at the 2022 Dataverse Community Meeting.	3ek7F_Dxcjk		https://osf.io/8gn7d				5290			1						
2022-06-14	Stefan Kasberger	Doing tests, data migrations and other API stuff with the help of pyDataverse	Given at the Integrations/Tools session at the 2022 Dataverse Community Meeting.	3ek7F_Dxcjk		https://osf.io/93e4n				4309			1	skasberger					
2022-06-14	Yves Rozenholc, Slava Tykhonov	The COVID-19 Museum... a use case for the Dataverse community	Given at the Integrations/Tools session at the 2022 Dataverse Community Meeting.	3ek7F_Dxcjk		https://osf.io/86tnu				3244			1	4tikhonov					
2022-06-14	Dan Willoughby	Using an Alternative to S3 - Connecting Dataverse to Storj	Given at the Integrations/Tools session at the 2022 Dataverse Community Meeting.	3ek7F_Dxcjk		https://osf.io/3txy4				2102			1	storj					
2022-06-14	Ines Schmahl, Florian Rhiem	From Lab Notebook to Publication - A Lighthouse Workflow for Research Data	Given at the Integrations/Tools session at the 2022 Dataverse Community Meeting.	3ek7F_Dxcjk		https://osf.io/pjfqz				943			1						
2022-06-14	Baptiste Rouxel	Creating a Customizable Open Source Dataverse Widget for Website Integration	Given at the Integrations/Tools session at the 2022 Dataverse Community Meeting.	3ek7F_Dxcjk		https://osf.io/wych4													
2022-06-14	Philipp Conzett, Adil Hasan	Building a Research Data Archive – What Flavour Should It Be?	Given at the Software session at the 2022 Dataverse Community Meeting.	-Re_elg67e8		https://osf.io/45rmw				5354			1	philippconzett					
2022-06-14	Ellen Kraffmiller, Raman Prasad, Ethan Cowan	DP Creator & Dataverse: Integrating differential privacy	Given at the Software session at the 2022 Dataverse Community Meeting.	-Re_elg67e8		https://osf.io/27pdu				3641			1						
2022-06-14	Esther Dzalé Yeumo, Thomas Jouneau	Towards a National Federated Data Space	Given at the Software session at the 2022 Dataverse Community Meeting.	-Re_elg67e8		https://osf.io/37wpt				2690			1						
2022-06-14	Zacarias Benta	Developing a Distributed and Fault Tolerant Dataverse Architecture	Given at the Software session at the 2022 Dataverse Community Meeting.	-Re_elg67e8		https://osf.io/fjw9t				1733			1						
2022-06-14	Slava Tykhonov, Marion Wittenberg, Wilko Steinhoff	Archive in a Box for Dataverse: Building Distributed Data Network with shared services	Given at the Software session at the 2022 Dataverse Community Meeting.	-Re_elg67e8		https://osf.io/rh3qv				95									
2022-06-14	Steven McEachern	Indigenous Data and Infrastructure Services	Given at the Plenary session at the 2022 Dataverse Community Meeting.	YghUP5mMwMU		https://osf.io/27mxp				17237			1	stevenmce					
2022-06-14	Jane Anderson	Keynote: Local Contexts - traditional knowledge labels & notices	Given at the Plenary session at the 2022 Dataverse Community Meeting.	YghUP5mMwMU		https://osf.io/dafuy				13031			1						
2022-06-14	Melissa Renee Korf, Julie Goldman	NIH/GREI: DMP/RDM Updates	The Dataverse Project at IQSS is joining the NIH Office of Data Science Strategy (ODSS) and five other generalist repositories in launching the Generalist Repository Ecosystem Initiative (GREI) with the intention of supplementing domain-specific repositories in support of the NIH biomedical data ecosystem for data sharing.	YghUP5mMwMU		https://osf.io/zhp8f				10544			1						
2022-06-14	Sarah Giesbrecht, Anatsiisinsski (Chyloe Healy)	Indigenous Data Management: Indigenous Sovereignty in Action	The Indigenous Data Management: Indigenous Sovereignty in Action project is intended to bring together experts in Indigenous data and information management to share their knowledge through a series of webinars and compile this information into an online toolkit.	YghUP5mMwMU						8103			1						
2022-06-14	Aapooyaki Bonnie Healy	Keynote for the 2022 Dataverse Community Meeting	Given at the Plenary session at the 2022 Dataverse Community Meeting.	YghUP5mMwMU						4935			1						
2022-06-14	Gary King	Welcome to the 2022 Dataverse Community Meeting	Given at the Plenary session at the 2022 Dataverse Community Meeting.	YghUP5mMwMU						2689			1						
2022-06-14	Gustavo Durand	Dataverse Software - New Features and Future Plans	Given at the Plenary session at the 2022 Dataverse Community Meeting.	YghUP5mMwMU		https://osf.io/hn6r5				1424			1	scolapasta					
2022-06-14	Dataverse Community	#Dataverse2022 Community Update Video 	Updates from Dataverse installations around the world. Given at the 2022 Dataverse Community Meeting.	dyCPbvFy63g															
2022-01-26	Julie Goldman, Danny Brooke	Dataverse, DMPTool, RSpace, and Harvard Data Commons	Given at the Force11 Community Call.	BN5HKGYiJCg		https://cryptpad.fr/pad/#/2/pad/view/p4fUys8XxfB30ahg1G2P74i0KOPkuyt51+dsTQZX6ds/				1393									
2022-01-25	Jim Myers	Multiple licenses demo	The password is "community2022!" A demo of the multiple license feature under development at https://github.com/IQSS/dataverse/pull/7920		https://harvard.zoom.us/rec/play/BF4TNvc98lQ1HTCa7TuQi9WiKE2ZEx767ZeeumRiYCOBKWH6r3AOdQkqwr-QkmCS0o-xa6jlBxol_RuP.kFGvVcVIqfWHnU7M?continueMode=true&_x_zm_rtaid=I7cZpAhYQIC0prRiH0kmdA.1643735502228.5234bc7e8652d4a250081904da012188&_x_zm_rhtaid=180									qqmyers					
2021-12-01	Teresa Bascik (Université de Montréal), Mark Goodwin (UBC), Ève Paquette-Bigras (Université de Montréal), Michael Steeleworthy (Wilfrid Laurier)	Data Curation and Metadata Best Practices for Dataverse	New guides to help curators, data managers, and stewards	OOro8ymXoEY		https://portagenetwork.ca/event/dataverse-in-canada-leveraging-an-open-data-repository-for-research-data-stewardship/									1	borealisdata.ca	tutorial	End users	
2021-11-27	Marion Wittenberg, Slava Tykhonov	Flexibility in Metadata Schemes and Standardisation: the Case of CMDI and the DANS Data Repository 	Custom fields can be connected to a distributed network of authoritative controlled vocabularies	bw_EkE9WLjc		https://www.iskouk.org/event-4527328													
2021-11-24	Philipp Conzett, Helene N. Andreassen	Adapting flexible metadata support in Dataverse to the needs of domain-specific repositories	The case of The Tromsø Repository of Language and Linguistics (TROLLing).	6Exy3bvLm9U		https://hdl.handle.net/10037/23190													
2021-11-19	Pablo Valério Polônia	Developing an updated plugin for Dataverse integration with OPS/OJS	In this activity we present the current status of development of a plugin to integrate Dataverse with Open Preprint Servers (OPS) and Open Journal Systems (OJS) in their most recent versions (3.3.x series).		https://vimeo.com/647846400														
2021-11-18	Slava Tykhonov	External controlled vocabularies support in Dataverse 5.7	CESSDA Tools Hour: Dataverse presentation 	uzbZX5baxXo															
2021-11-17	Dataverse North Expert Group	Dataverse in Canada Series: Community Panel - Use cases from across Canada	This webinar brought together representatives from a number of Canadian institutions, large and small, for a panel presentation and discussion that explored their various use cases, implementation decisions, and experiences.	GnRBU5Fotv0		https://portagenetwork.ca/event/dataverse-in-canada-leveraging-an-open-data-repository-for-research-data-stewardship/									1	borealisdata.ca	tutorial	End users	
2021-11-12	Ana Trisovic	Dataverse and research software publications	The talk presents the Dataverse project with a focus on existing and prospective features that support (research) software publications.		https://events.hifis.net/event/205/	https://events.hifis.net/event/205/contributions/931/attachments/272/484/Dataverse.pdf								atrisovic					
2021-11-03	Jane Fry, Chantal Ripp, Meghan Goodchild	Dataverse in Canada Series: Introduction and features you didn't know you needed!	Scholars Portal Dataverse is a publicly accessible, secure, multi-disciplinary, multi-lingual repository for research data, searchable from anywhere in the world, with servers hosted in Canada. This repository platform includes features such as: permanent links (DOIs) that encourage citation of your data set; and allowing you to set licensing terms for access and reuse of your research data.	IdymBp0CTd4		https://portagenetwork.ca/event/dataverse-in-canada-leveraging-an-open-data-repository-for-research-data-stewardship/									1	borealisdata.ca	tutorial	End users	
2021-09-23	Raman Prasad, Ellen Kraffmiller, Ethan Cowan	Using OpenDP Library in Applications: DP Creator with Dataverse Integration	Demo of bringing restricted files into DP Creator to create differentially private statistics that are deposited back into Dataverse as auxillary files.	0vfqPZcpi90		https://docs.google.com/presentation/d/1E1xJ0Y_Bt19Lvwc7QcjFIYfXOxq0531l4vGWPvu8B_U													
2021-09-22	RSpace	RSpace, DMPTool, and Dataverse Integration	After importing DMPs into RSpace and exporting to Dataverse, a link to the Dataverse dataset is added to the DMP and its landing page.	dIsYLcx6qNc															
2021-06-17	Danny Brooke	Closing Session (Dataverse Community Meeting 2021)	Thanks for coming to #dataverse2021!	u9HXJtBlb2w		https://projects.iq.harvard.edu/dcm2021/agenda													
2021-06-17	MingJing Peng et al.	Curation Workflows	In order for data to be more easily discoverable, better understood, and re-usable, it must be “curated”. There are many levels of data curation. The panelists for this session will describe the tools, best practices, and the level of curation performed on datasets in their respective Dataverse repositories.	ILZL_lN7A_g		https://projects.iq.harvard.edu/dcm2021/agenda													
2021-06-17	Ceilyn Boyd et al.	Preservation	The main question of the session is what are the relevant preservation practices designed to ensure data in a Dataverse installation is usable for as long as it needs to be kept within the organizations. The experiences to be presented will explore what best practices exist to manage data preservation and the efforts that have been adopted so far by the Dataverse community for the purpose of archiving content to ensure interoperability, consistency and the safety and security of digital data.	Fv1eIBfSLMM		https://projects.iq.harvard.edu/dcm2021/agenda													
2021-06-17	Arfon Smith et al.	Software Metadata and Containerization	Support for computational artifacts such as software, workflows, and containers is needed in the Dataverse software in order to meet the demands of advanced data analysis and enable research reproducibility and reuse. This session will feature invited presentations on software metadata Codemeta, Research Object and RO-Crate metadata, git integration, and adequate documentation and guidelines. We aim to identify practical considerations and implementation steps on the topic for the Dataverse software platform. Following the presentations and Q&A, we will have a discussion on shaping Dataverse software support for Codemeta, RO-Crate, and git integration.	LJq-mzT9v8o		https://projects.iq.harvard.edu/dcm2021/agenda													
2021-06-16	Steven McEachern et al.	Integrations and External Tools	We'll start with a brief intro discussing the history and philosophy behind the framework, then view some demos on these new and innovative projects: a tool to upload from Globus, a tool that can tie into a Request Access Workflow, a project that highlights datasets and papers that are conceptually similar to one another, and a tool for code readability and reproducibility.	d_efkb2X7yM		https://projects.iq.harvard.edu/dcm2021/agenda													
2021-06-16	Kevin Worthington et al.	Geospatial Data	Our community is pursuing a broad range of geospatial development, and design discussions, with this session aimed at furthering these discussions collectively to develop priorities for next steps.	FGlCy_ebwXA		https://projects.iq.harvard.edu/dcm2021/agenda													
2021-06-16	Julie Goldman et al.	Sensitive Data	An introduction to the DPCreator; overviews of the management of sensitive qualitative data and health policy research data; and an update on the Harvard Medical School’s DMP tool and how it can help the community prepare to share sensitive data.	q3irpQ4rOyU		https://projects.iq.harvard.edu/dcm2021/agenda													
2021-06-16	Julian Gautier, Wim Hugo	Terms of Use, Licensing, Installation Policies	High quality access to data outputs and published research objects depends on repositories clearly defining terms and licenses for reuse. This session will present an overview of the importance of data licensing, describe some of the recent work in the Dataverse Community for adding software support for multiple license options, and introduce opportunities and implications for machine readability and automation of licensing in the Dataverse software and other repositories.	XuVnrbIDGH0		https://projects.iq.harvard.edu/dcm2021/agenda													
2021-06-16	Kate Dreher et al.	Remote Storage and Large Datasets	This session will cover the need for affordable large data support. Currently, the high-cost constraints of bandwidth use stemming from cloud storage prevent many repositories from supporting and sharing large data.	uPPNhZzMV4Q		https://projects.iq.harvard.edu/dcm2021/agenda													
2021-06-16	Philipp Conzett, John Graybeal, Jim Myers, Slava Tykhonov	Flexible Metadata/Controlled Vocabularies	We will present and discuss ongoing efforts and future ideas for improving the FAIR support of the Dataverse software focusing on metadata schemas and controlled vocabularies. Important issues will be raised such as interoperability, compliance with metadata standards, integration with external services, and the maintenance and sustainability of flexible metadata support.	mWMPxCwB2ys		https://projects.iq.harvard.edu/dcm2021/agenda													
2021-06-16	Sonia Barbosa, Karine Burger, Philipp Conzett, Laura Rezende	CoreTrustSeal	The CoreTrustSeal is the most widely used certification for helping establish trustworthy data repositories.	6tKNVK4lXjw		https://projects.iq.harvard.edu/dcm2021/agenda													
2021-06-16	Mercè Crosas, Jonathan Crabtree	GDCC/Governance Session 2 (Dataverse Community Meeting 2021)	Financial updates, ongoing projects, GDCC website, Governance and Advisory Board 	nKLql6z-HWI		https://projects.iq.harvard.edu/dcm2021/agenda													
2021-06-15	Mercè Crosas, Jonathan Crabtree	GDCC/Governance Session 1 (Dataverse Community Meeting 2021)	Financial updates, ongoing projects, GDCC website, Governance and Advisory Board 	JVLOWF4NGrA		https://projects.iq.harvard.edu/dcm2021/agenda													
2021-06-15	Gary King, Mercè Crosas, Carole Anne Goble, Daniel S. Katz, Herbert Van de Sompel, Danny Brooke, Sonia Barbosa	Plenary Sessions (Dataverse Community Meeting 2021)	"FAIR workflows and Research Objects get a workout", "Progress Toward More Sustainable Research Software", "FAIR Signposting: A KISS Approach to a Burning Issue", Dataverse Software - New Features and Future Plans, Community Update Videos 	Vo1mtvrh4wc		https://projects.iq.harvard.edu/dcm2021/agenda													
2021-06-14	Sonia Barbosa	Introduction to the Dataverse Software (Dataverse Community Meeting 2021)	This session will introduce the Dataverse Software for data sharing and preservation, using the Harvard Dataverse Repository as the model. You will have an opportunity to learn about the software and how it can support institutional repositories, research projects, team projects, teaching courses, and the general data sharing needs of your community.	vAJcfOGn5I0		https://projects.iq.harvard.edu/dcm2021/agenda													
2021-06-14	Slava Tykhonov, Don Sizemore, Samuel Bernardo, Stefan Kasberger	Automated CI/CD Testing, Installation and Deployment of a Dataverse Installation on a Cloud	You will learn more about the Cloud related features available in the pyDataverse module, which is widely used by the Dataverse Community for various tasks. We are going to show some practical use cases with the Selenium framework used for automation testing for Jenkins integration. You will also learn about the Software Quality as a Service (SQAaaS) framework that was developed in EOSC Synergy project in the context of the European Open Science Cloud	f1ha4IcvlG4		https://projects.iq.harvard.edu/dcm2021/agenda								donsizemore					
2021-05-25	Marion Wittenberg, Laura Huis in ‘t Veld, Veronika Heider	SSHOC - Dataverse Translation Workshop	Weblate, a tool for translation of the user interface of Dataverse into various languages.	WiIxney3ORU		https://sshopencloud.eu/news/sshoc-workshop-notes-sshoc-dataverse-translation-workshop								meghangoodchild					
2021-03-11	Slava Tykhonov	Dataverse research data repository software	Vyacheslav Tykhonov from DANS-KNAW provides an overview of the software, tips on how to install and presents Dataverse SSHOC project building a mature data platform for the European research institutions.	9oHQ0BQCjrM															
2021-02-10	Katie Mika	Graduate Students’ Attitudes Toward Data Sharing and Reproducibility	Graduate Students’ Attitudes Toward Data Sharing and Reproducibility	qMyTAeHJIkI								https://reusableresearch.com							
2021-02-10	Ana Trisovic	Repository Approaches to Improving the Quality of Shared Data and Code	Approaches based on reproducibility, data curation, and gamified elements can be used to indicate and improve the quality of datasets in a repository. 	9-1DVVbtm7o								https://reusableresearch.com							
2021-02-10	Mandy Gooch	Supporting Computational Reproducibility: Updates on CoRe2 Development and AJPS Verification Policy Implementation	Talk about the updates on the developments of the CoRe2 platform, the Dataverse collaboration, and the AJPS result verification policy implementation.	oMQsTcXtGbU								https://reusableresearch.com							
2020-06-19	Mercè Crosas	2020 Dataverse Community Meeting closing event	Thanks for coming to #dataverse2020!	l5y2L16PNxs															
2020-06-19	Anna Dabrowski, Meghan Goodchild, Gustavo Durand	Remote Storage/Large Datasets	The Remote Storage/Large Datasets breakout session will include brief presentations from community members and group discussion about improving data transfer mechanisms and storage options for Dataverse repositories. Presentations will cover data upload developments, including Globus integration and direct upload to S3, as well as Trusted Remote Storage Agents (TRSA) for sensitive data, and managing multiple data stores. This session is an opportunity to hear about and provide feedback on the efforts of community members, discuss policy and service implications for managing repositories, and talk about further coordinating our efforts.	LHyiA3JeiwE		https://projects.iq.harvard.edu/dcm2020/agenda								ajdabrowski					
2020-06-19	Tomasz Miksa	Dataverse and Machine-actionable Data Management Plans	Part of the External Tools session.	YH4I_kldmGI		https://osf.io/ctse4				4175			1	TomMiksa					
2020-06-19	Mahsa Naseri	Dataverse External Tools: JMP integration	Part of the External Tools session.	YH4I_kldmGI		https://osf.io/j6hmz				3392			1						
2020-06-19	Phil Durbin, Kaitlin Newson, Jim Myers, Kacper Kowalik, James Honaker, Kamil Guryn, Xinyue Ye, Mahsa Naseri, Matthew Dunlap, Tomasz Miksa	External Tools	External Tools intro, The Dataverse Data Curation Tool, A Previewer How To, Whole Tale as a Dataverse's External Tool, TwoRavens for Machine Learning, A set of a new Dataverse external tools for advanced data visualization in hard sciences, An Intelligent Dataset Discovery System for Dataverse, JMP integration, Data Curation and Verification Workflows Utilizing Containerization, Dataverse and Machine-actionable Data Management Plans	YH4I_kldmGI		https://projects.iq.harvard.edu/dcm2020/agenda													
2020-06-19	Jonas Kahle, Philipp Conzett, Richard Fulss	Flexible Metadata Session 2	Panel of speakers will give brief talks on longer term metadata issues and projects that have major design implications. Discussion in this session will focus on opportunities, challenges, and priorities for long term features and design development to facilitate metadata integration and exchange.	fOzhYfEr7Rk		https://projects.iq.harvard.edu/dcm2020/agenda													
2020-06-18	Olga Kurek, Steve McEachern, Martine Gagnon	Flexible Metadata Session 1	Panelists will give brief talks on metadata projects that have been recently implemented or are near-term opportunities. This discussion will focus on near-term metadata projects and possibilities that can be executed in the latest version.	3_SRARQiBr8		https://projects.iq.harvard.edu/dcm2020/agenda													
2020-06-18	Sonia Barbosa, Danny Brooke	New Feature Demo	Come and learn about the Dataverse releases and features from over the last year!	N_zcjYnNQ8o															
2020-02-25	CIMMYT	Prototype 2 for Auto-completion based on existing database values for the field Keyword. #6154	A demo for the second of two proposals for enhancing Dataverse's ability to handle controlled vocabularies. See <a href="https://github.com/IQSS/dataverse/issues/6154#issuecomment-590953255">#6154</a>.		https://1drv.ms/v/s!Al54grRzE57lhjO1kbD6J6AKUkdz									CIMMYT					
2020-02-25	CIMMYT	Prototype 1 for Auto-completion based on existing database values for the field Keyword. #6154	A demo for the first of two proposals for enhancing Dataverse's ability to handle controlled vocabularies. See <a href="https://github.com/IQSS/dataverse/issues/6154#issuecomment-590953255">#6154</a>.		https://1drv.ms/v/s!Al54grRzE57lhjS7fNpSh2NA0ArG									CIMMYT					
2020-02-14	Kaitlin Newson	The Dataverse Data Curation Tool	Learn how data owners and curators can create and edit metadata at the variable level, view summary statistics and charts about their data, and more! 		https://harvard.zoom.us/rec/play/7sF5d7j9qDw3TIfB5ASDA6J7W9TrLqis1SAZqfJemhm0UHJVYFP1N7QUNrRP0y6RR54ki4FyPc6Bd64m?continueMode=true	https://docs.google.com/presentation/d/1cvOBDgnP0k4PGhumoCbbasQzTLX1H-mAFR2F3C3MOaU/edit?usp=sharing													
2020-02-11	Mercè Crosas	Dataverse: A Software, a Community, a Network of Repositories	Presentation at the NIH worksop on Establishing a FAIR Biomedical Data Ecosystem: The Role of Generalist  and Institutional Repositories to Enhance Data Discoverability and Reuse. Starts at 2:24:38.		https://videocast.nih.gov/summary.asp?live=35855&bhcp=1	https://scholar.harvard.edu/mercecrosas/presentations/dataverse-software-community-network-repositories								mercecrosas					
2020-02-02	Philip Durbin	Advancing science with Dataverse	A talk at FOSDEM where Dataverse and FAIR data principles are introduced to open source developers.	yjJUTIOfFMo		https://fosdem.org/2020/schedule/event/dataverse/	https://groups.google.com/d/msg/dataverse-community/OJwTrGFPsUY/dyhSk4q3AgAJ												
2020-01-13	Harvard Dataverse	What is Harvard Dataverse?	A brief introduction to sharing, finding, and exploring data using Harvard Dataverse.	MPQ0Tpgaxt0															
2020-01-07	Craig Willis	Whole Tale (v0.8) as Dataverse External Tool	Short demonstration (video-only) of how Whole Tale can be used as an external tool to explore and compute on existing replication datasets. See the <a href="https://bit.ly/386M1jo">integration notes</a> for additional details.	AoSpQ3A7poY															
2020-01-07	Craig Willis	Registering Data from Dataverse in Whole Tale v0 8	Short demonstration (video-only) of how to analyze source data from Dataverse in Whole Tale. See the <a href="https://bit.ly/386M1jo">integration notes</a>	oWEcFpEUmrU															
2019-12-03	Eugene Barsky, Mark Goodwin, Paul Dante	Geodisy	Eugene Barsky, Research Data Services Librarian at the University of British Columbia Library, will address their current work on GeoBlacklight integration with Dataverse.	B3IZnMRhdqA															
2019-11-22	Jonathan Crabtree	Research Data Curation, Management, Sharing and Archiving	Jonathan Crabtree keynote at University of Aveiro	xqEOFY8BV-0		https://forumgdi.rcaap.pt/wp-content/uploads/2019/11/Keynote_5ForumGDI.pdf						http://forumgdi.rcaap.pt/5forum/5programa/							
2019-11-21	Jonathan Crabtree	Jonathan Crabtree interview at the University of Aveiro	Jonathan Crabtree, co-leader of the Global Dataverse Community Consortium discusses research data and cyber infrastructure.	ZvQQi2Z3hzI										jonc1438					
2019-11-15	Slava Tykhonov	European Dataverse Workshop 2020 invitation from Slava	Official invitation from Slava Tykhonov (DANS-KNAW) to join European Dataverse Workshop which will be held in Tromsø, Norway, January 23-24, 2020.	ju8bdwTVRSQ															
2019-10-17	Mercè Crosas	Recommendations for Implementing Open Science	Keynote at the Swiss Open Science Action Plan Kick-off at EPFL.		https://tube.switch.ch/cast/videos/b54fd89f-f58d-4c66-b0fc-9fcfd3740313	https://scholar.harvard.edu/mercecrosas/presentations/recommendations-implementing-open-science		https://scholar.harvard.edu/files/mercecrosas/files/openscience-keynote-mercecrosas.pdf	https://tube.switch.ch/download/video/3b474b32	14:30		https://www.swissuniversities.ch/en/themen/digitalisierung/p-5-wissenschaftliche-information/programm-open-science/swiss-open-science-action-plan-kick-off-forum		mercecrosas					
2019-10-08	Bertram Ludäscher, Craig Willis	Developing, Packing, and Sharing Reproducible Research Objects: The Whole Tale Approach	In this DataONE webinar, existing and planned integrations between Whole Tale and Dataverse were described.		https://www.dataone.org/webinars/developing-packaging-and-sharing-reproducible-research-objects-whole-tale-approach	https://www.dataone.org/sites/default/files/sites/all/documents/dataone-wt-webinar-2019-10-08.pdf								whole-tale					
2019-10-08	Ana Trisovic	Building reproducible workflows for earth sciences - Responding to reproducibility challenges from physics to social sciences	Keynote at the workshop "Building reproducible workflows for earth sciences" at ECMWF		https://vimeo.com/366217811	https://events.ecmwf.int/event/116/contributions/937/attachments/239/432/Repwork-WS-Trisovic.pdf								atrisovic					
2019-10-02	Philip Durbin	Turing Way Collaboration Cafe	Phil introduces Dataverse reproducibility initiatives to The Turing Way community.	HIIJvDZ8pzw															
2019-08-22	The Odum Crew	Dataverse Community Meeting 2019 montage	Clips from the conference set to music	y_1IdJ-nYY0															
2019-06-20	Slava, Philipp	Dataverse in the European Open Science Cloud	Updates on DataverseEU, Weblate, developement process, and more.	vAPpKuDQUDY		https://www.slideshare.net/vty/dataverse-in-the-european-open-science-cloud													
2019-04-23	Jonathan Crabtree	Topics in Research Data Management #5	Jonathan Crabtree, Assistant Director for Cyberinfrastructure at The Odum Institute of UNC Chapel Hill, discusses remote storage for Dataverse	MKsrsV6KWsQ		https://tdl-ir.tdl.org/handle/2249.1/156346									1	dataverse.tdl.org	tutorial	End users	
2019-03-26	Gustavo, Matthew	Make Data Count Repository Implementation Webinar	Zenodo, Dataverse, and Dryad join MDC to talk about their process implementing standardized data usage metrics		https://vimeo.com/326615258														
2019-03-19	Amy Nurnberger	Topics in Research Data Management #4	Amy Nurnberger, Program Head, Data Management Services at MIT Libraries, discusses how to leverage campus connections for RDM	7ekgsIALWfE		https://tdl-ir.tdl.org/handle/2249.1/156344									1	dataverse.tdl.org	tutorial	End users	
2019-02-12	Eric Kaltman	Topics in Research Data Management #3	Eric Kaltman, CLIR Fellow for Data Curation in the Sciences at Carnegie Mellon University Libraries, shares liaison workflows.	mwwisrH2YBk		http://hdl.handle.net/2249.1/156340									1	dataverse.tdl.org	tutorial	End users	
2019-01-22	Sherry Lake	Topics in Research Data Management #2	Sherry Lake, Scholarly Repository Librarian at University of Virginia Libraries, discusses Open Science Framework (OSF) integration with Dataverse.	_CTNF88G_WQ		https://tdl-ir.tdl.org/handle/2249.1/156338								shlake	1	dataverse.tdl.org	tutorial	End users	
2019-01-15	Joel Simpson	Integrating Archivematica with Dataverse	Joel describes Archivematica's integration with Dataverse and demonstrates how to preserve Dataverse materials for long-term storage.	T9o5tzzDliA															
2018-12-05	Sara Stonehouse	Publishing datasets in Dataverse	This video is a quick guide on how to publish datasets in Dataverse.	K9gVgja61Ww											1	borealisdata.ca	tutorial	End users	
2018-12-04	Sara Stonehouse	Publishing a dataverse	This video is a quick guide on how to create, edit or publish a dataverse.	jEJHIXdPjfU											1	borealisdata.ca	tutorial	End users	
2018-12-03	Sara Stonehouse	Finding and exploring data	This video provides a brief overview on how to use Dataverse to find and explore data. 	SA5YiWp-MVU											1	borealisdata.ca	tutorial	End users	
2018-11-13	Amber Leahey	Topics in Research Data Management #1	Amber Leahey, University of Toronto Libraries, discusses recent grant funding and new features in Dataverse in the coming year.	yQ8ajC2FAKk		https://tdl-ir.tdl.org/handle/2249.1/156310									1	dataverse.tdl.org	tutorial	End users	
2018-09-13	Philip Durbin	Reproducibility and Dataverse	Current and future efforts to improve scientific reproducibility in the Dataverse ecosystem.	SuyQTsOGugc		https://www.slideshare.net/philipdurbin/reproducibility-and-dataverse	http://wiki.greptilian.com/talks/2018/wholetale-reproducibility-and-dataverse/												
2018-09-04	Kristi Park	Texas Data Repository - A Year in Review	The Texas Data Repository (TDR) is a consortial data repository using the Dataverse platform. In this presentation we discuss ongoing efforts to develop the TDR as a shared service. The presenters include TDR liaisons from participating institutions. We reflect on the past year of using the TDR and speak from diverse perspectives: the experience of small and large institutions; institutions with varying capacity to provide data services; and institutions implementing different outreach strategies, policies and workflows. We discuss the progress of the TDR, the value of participating in a consortial repository service, successes and challenges, and future goals.	FB6TmQa88A4		https://tdl-ir.tdl.org/handle/2249.1/156305													
2018-05-31	Tilburg University	Tilburg University awarded CoreTrustSeal	Tilburg University is the first Dutch university awarded the Data Seal of Approval, now known as the CoreTrustSeal.	n5vPOo3Uy5I															
2018-04-29	Sami Shahin	Dataverse and Spark	Implementation of the Open Service Broker specification for connecting Dataverse to OpenShift on the Mass Open Cloud (MOC). Also demonstrated a sample application running an Apache Spark cluster.	6G86wwgJHnc		https://github.com/dataverse-broker/dataverse-broker													
2018-04-29	Patrick Dillon	Scaling Dataverse	Our project is to advance this initial containerization work toward making Dataverse more scalable.		https://drive.google.com/file/d/1NbKWdY00BFY2c2Sgly4pxs1oPVbfsvas/view	https://github.com/BU-NU-CLOUD-SP18/Dataverse-Scaling													
2017-06-27	Texas State University	Texas State University Dataverse Launch	We are pleased to announce the official launch of the Texas State University Dataverse, a repository for research datasets created by Texas State researchers.	9PSvlmcPP-o															
2017-03-26	Philip Durbin	Introducing Dataverse to LibrePlanet	An introduction to Dataverse for the free and open source software community.	-GUr-cd_OWQ			http://wiki.greptilian.com/talks/2017/libreplanet-dataverse-lightning-talk/												
2017-03-07	Diana Morganti	Research Data Management Basics	This is an introduction to the concept of Research Data Management and to the Data Management Plan with a very short introduction to the Texas State University Dataverse.	KlcIKwuF-jI											1	dataverse.tdl.org	tutorial	End users	
2017-01-14	Odum Institute	Managing permissions and restrictions	In this video learn how to manage permissions and restrictions in your dataverse.	PIYUoTArozI											1	dataverse.unc.edu	tutorial	End users	
2017-01-13	Odum Institute	Publishing datasets	In this video learn how to publish datasets to your dataverse.	wercsv-VItE											1	dataverse.unc.edu	tutorial	End users	
2017-01-12	Odum Institute	Dataverse customization	In this video learn how to customize your Dataverse.	e9a_YBfBxH0											1	dataverse.unc.edu	tutorial	End users	
2017-01-11	Odum Institute	Dataverse overview	This video provides a broad overview of Dataverse and some of the new capabilities found in Dataverse 4.	4eSh9OaCqGU											1	dataverse.unc.edu	tutorial	End users	
2016-11-29	RSpace	RSpace ELN and Dataverse Integration	How to send selected work from RSpace to your preferred Dataverse archive.	avf3tEbcNvQ															
2016-11-17	Eugene Barsky	Best Practices for Research Data Management	In Canada, as in many developed countries, requirements for data management are being established across a wide range of scholarly disciplines. In this presentation, Eugene Barsky from the University of British Columbia's ARC Team will offer UBC Library expertise in managing thousands of data files with Dataverse software.	sIm9CZipNYo										eugene-barsky	1	abacus.library.ubc.ca	tutorial	End users	
2015-07-23	Tamir Bennatan	Data Visualisations for TwoRavens	A tool to augment TwoRavens, a data analysis tool for Dataverse, to give it visualization capability.	OzrECzPf95g															
2014-11-18	UiT Norges arktiske universitet	TROLLing - why linguists need it	TROLLing is a research database for linguists. See how it can be useful for you in your research.	uEf0c0NT9_A															
2014-09-30	Gustavo, Steve, Bob	Bean Validation: Practical Examples from a Real-World Java EE 7 Application	How Dataverse uses bean validation.	xg9A3q-fRyo															
2014-04-14	Alex Garnett	OJS - Dataverse Plugin Demonstration	This video demonstrates a new plugin linking OJS to Dataverse.	ftK1_IvWaVc															
2007-12-10	Gary King	An Introduction to the Dataverse Network as an Infrastructure for Data Sharing	We introduce a set of integrated developments in web application software, networking, data citation standards, and statistical methods designed to put some of the universe of data and data sharing practices on somewhat firmer ground. We have focused on social science data, but aspects of what we have developed may apply more widely. The idea is to facilitate the public distribution of persistent, authorized, and verifiable data, with powerful but easy-to-use technology, even when the data are confidential or proprietary. We intend to solve some of the sociological problems of data sharing via technological means, with the result intended to benefit both the scientific community and sometimes apparently contradictory goals of individual researchers.	fgn6dmfsZ_M									1	thegaryking					